{
  "accountant": 0.40816326530612246,
  "advanced_mathematics": 0.05263157894736842,
  "art_studies": 0.5151515151515151,
  "basic_medicine": 0.42105263157894735,
  "business_administration": 0.42424242424242425,
  "chinese_language_and_literature": 0.391304347826087,
  "civil_servant": 0.3617021276595745,
  "clinical_medicine": 0.36363636363636365,
  "college_chemistry": 0.3333333333333333,
  "college_economics": 0.4,
  "college_physics": 0.3157894736842105,
  "college_programming": 0.43243243243243246,
  "computer_architecture": 0.38095238095238093,
  "computer_network": 0.3157894736842105,
  "discrete_mathematics": 0.3125,
  "education_science": 0.3448275862068966,
  "electrical_engineer": 0.43243243243243246,
  "environmental_impact_assessment_engineer": 0.3870967741935484,
  "fire_engineer": 0.2903225806451613,
  "high_school_biology": 0.2631578947368421,
  "high_school_chemistry": 0.42105263157894735,
  "high_school_chinese": 0.21052631578947367,
  "high_school_geography": 0.47368421052631576,
  "high_school_history": 0.6,
  "high_school_mathematics": 0.16666666666666666,
  "high_school_physics": 0.5263157894736842,
  "high_school_politics": 0.5263157894736842,
  "ideological_and_moral_cultivation": 0.42105263157894735,
  "law": 0.3333333333333333,
  "legal_professional": 0.391304347826087,
  "logic": 0.45454545454545453,
  "mao_zedong_thought": 0.625,
  "marxism": 0.5789473684210527,
  "metrology_engineer": 0.5,
  "middle_school_biology": 0.6190476190476191,
  "middle_school_chemistry": 0.45,
  "middle_school_geography": 0.5833333333333334,
  "middle_school_history": 0.6363636363636364,
  "middle_school_mathematics": 0.21052631578947367,
  "middle_school_physics": 0.6842105263157895,
  "middle_school_politics": 0.47619047619047616,
  "modern_chinese_history": 0.5652173913043478,
  "operating_system": 0.3684210526315789,
  "physician": 0.42857142857142855,
  "plant_protection": 0.45454545454545453,
  "probability_and_statistics": 0.1111111111111111,
  "professional_tour_guide": 0.5172413793103449,
  "sports_science": 0.42105263157894735,
  "tax_accountant": 0.30612244897959184,
  "teacher_qualification": 0.5681818181818182,
  "urban_and_rural_planner": 0.3695652173913043,
  "veterinary_medicine": 0.34782608695652173
}