{
  "accountant": 0.3877551020408163,
  "advanced_mathematics": 0.42105263157894735,
  "art_studies": 0.42424242424242425,
  "basic_medicine": 0.3157894736842105,
  "business_administration": 0.3939393939393939,
  "chinese_language_and_literature": 0.391304347826087,
  "civil_servant": 0.40425531914893614,
  "clinical_medicine": 0.3181818181818182,
  "college_chemistry": 0.2916666666666667,
  "college_economics": 0.38181818181818183,
  "college_physics": 0.3157894736842105,
  "college_programming": 0.40540540540540543,
  "computer_architecture": 0.2857142857142857,
  "computer_network": 0.21052631578947367,
  "discrete_mathematics": 0.25,
  "education_science": 0.41379310344827586,
  "electrical_engineer": 0.16216216216216217,
  "environmental_impact_assessment_engineer": 0.4838709677419355,
  "fire_engineer": 0.25806451612903225,
  "high_school_biology": 0.3157894736842105,
  "high_school_chemistry": 0.2631578947368421,
  "high_school_chinese": 0.2631578947368421,
  "high_school_geography": 0.5263157894736842,
  "high_school_history": 0.75,
  "high_school_mathematics": 0.16666666666666666,
  "high_school_physics": 0.42105263157894735,
  "high_school_politics": 0.6842105263157895,
  "ideological_and_moral_cultivation": 0.5263157894736842,
  "law": 0.2916666666666667,
  "legal_professional": 0.30434782608695654,
  "logic": 0.3181818181818182,
  "mao_zedong_thought": 0.5416666666666666,
  "marxism": 0.5263157894736842,
  "metrology_engineer": 0.4166666666666667,
  "middle_school_biology": 0.6190476190476191,
  "middle_school_chemistry": 0.65,
  "middle_school_geography": 0.6666666666666666,
  "middle_school_history": 0.6363636363636364,
  "middle_school_mathematics": 0.3684210526315789,
  "middle_school_physics": 0.42105263157894735,
  "middle_school_politics": 0.6666666666666666,
  "modern_chinese_history": 0.4782608695652174,
  "operating_system": 0.3157894736842105,
  "physician": 0.46938775510204084,
  "plant_protection": 0.36363636363636365,
  "probability_and_statistics": 0.1111111111111111,
  "professional_tour_guide": 0.41379310344827586,
  "sports_science": 0.42105263157894735,
  "tax_accountant": 0.30612244897959184,
  "teacher_qualification": 0.6590909090909091,
  "urban_and_rural_planner": 0.391304347826087,
  "veterinary_medicine": 0.34782608695652173
}