{
  "accountant": 0.5102040816326531,
  "advanced_mathematics": 0.2631578947368421,
  "art_studies": 0.696969696969697,
  "basic_medicine": 0.5789473684210527,
  "business_administration": 0.5454545454545454,
  "chinese_language_and_literature": 0.5217391304347826,
  "civil_servant": 0.48936170212765956,
  "clinical_medicine": 0.5454545454545454,
  "college_chemistry": 0.4583333333333333,
  "college_economics": 0.41818181818181815,
  "college_physics": 0.3157894736842105,
  "college_programming": 0.4864864864864865,
  "computer_architecture": 0.5238095238095238,
  "computer_network": 0.5789473684210527,
  "discrete_mathematics": 0.5625,
  "education_science": 0.6896551724137931,
  "electrical_engineer": 0.32432432432432434,
  "environmental_impact_assessment_engineer": 0.4838709677419355,
  "fire_engineer": 0.4838709677419355,
  "high_school_biology": 0.7368421052631579,
  "high_school_chemistry": 0.5789473684210527,
  "high_school_chinese": 0.7368421052631579,
  "high_school_geography": 0.6842105263157895,
  "high_school_history": 0.8,
  "high_school_mathematics": 0.2222222222222222,
  "high_school_physics": 0.6842105263157895,
  "high_school_politics": 0.9473684210526315,
  "ideological_and_moral_cultivation": 0.9473684210526315,
  "law": 0.25,
  "legal_professional": 0.30434782608695654,
  "logic": 0.6363636363636364,
  "mao_zedong_thought": 0.7083333333333334,
  "marxism": 0.631578947368421,
  "metrology_engineer": 0.5416666666666666,
  "middle_school_biology": 0.9523809523809523,
  "middle_school_chemistry": 0.95,
  "middle_school_geography": 0.9166666666666666,
  "middle_school_history": 0.9545454545454546,
  "middle_school_mathematics": 0.47368421052631576,
  "middle_school_physics": 0.7368421052631579,
  "middle_school_politics": 0.8571428571428571,
  "modern_chinese_history": 0.782608695652174,
  "operating_system": 0.42105263157894735,
  "physician": 0.5510204081632653,
  "plant_protection": 0.6818181818181818,
  "probability_and_statistics": 0.16666666666666666,
  "professional_tour_guide": 0.8275862068965517,
  "sports_science": 0.47368421052631576,
  "tax_accountant": 0.4897959183673469,
  "teacher_qualification": 0.8636363636363636,
  "urban_and_rural_planner": 0.6521739130434783,
  "veterinary_medicine": 0.4782608695652174
}