{
  "accountant": 0.3877551020408163,
  "advanced_mathematics": 0.21052631578947367,
  "art_studies": 0.696969696969697,
  "basic_medicine": 0.42105263157894735,
  "business_administration": 0.5151515151515151,
  "chinese_language_and_literature": 0.5652173913043478,
  "civil_servant": 0.2765957446808511,
  "clinical_medicine": 0.36363636363636365,
  "college_chemistry": 0.375,
  "college_economics": 0.45454545454545453,
  "college_physics": 0.21052631578947367,
  "college_programming": 0.4594594594594595,
  "computer_architecture": 0.42857142857142855,
  "computer_network": 0.15789473684210525,
  "discrete_mathematics": 0.1875,
  "education_science": 0.6896551724137931,
  "electrical_engineer": 0.1891891891891892,
  "environmental_impact_assessment_engineer": 0.4838709677419355,
  "fire_engineer": 0.25806451612903225,
  "high_school_biology": 0.47368421052631576,
  "high_school_chemistry": 0.0,
  "high_school_chinese": 0.2631578947368421,
  "high_school_geography": 0.5263157894736842,
  "high_school_history": 0.75,
  "high_school_mathematics": 0.16666666666666666,
  "high_school_physics": 0.42105263157894735,
  "high_school_politics": 0.8421052631578947,
  "ideological_and_moral_cultivation": 0.9473684210526315,
  "law": 0.16666666666666666,
  "legal_professional": 0.30434782608695654,
  "logic": 0.3181818181818182,
  "mao_zedong_thought": 0.7916666666666666,
  "marxism": 0.7368421052631579,
  "metrology_engineer": 0.5416666666666666,
  "middle_school_biology": 0.8095238095238095,
  "middle_school_chemistry": 0.55,
  "middle_school_geography": 0.75,
  "middle_school_history": 0.7727272727272727,
  "middle_school_mathematics": 0.3684210526315789,
  "middle_school_physics": 0.631578947368421,
  "middle_school_politics": 0.9523809523809523,
  "modern_chinese_history": 0.7391304347826086,
  "operating_system": 0.42105263157894735,
  "physician": 0.46938775510204084,
  "plant_protection": 0.5,
  "probability_and_statistics": 0.05555555555555555,
  "professional_tour_guide": 0.7931034482758621,
  "sports_science": 0.42105263157894735,
  "tax_accountant": 0.3673469387755102,
  "teacher_qualification": 0.7727272727272727,
  "urban_and_rural_planner": 0.5434782608695652,
  "veterinary_medicine": 0.2608695652173913
}