{
  "accountant": 0.46938775510204084,
  "advanced_mathematics": 0.2631578947368421,
  "art_studies": 0.3939393939393939,
  "basic_medicine": 0.6842105263157895,
  "business_administration": 0.42424242424242425,
  "chinese_language_and_literature": 0.2608695652173913,
  "civil_servant": 0.5531914893617021,
  "clinical_medicine": 0.45454545454545453,
  "college_chemistry": 0.375,
  "college_economics": 0.41818181818181815,
  "college_physics": 0.42105263157894735,
  "college_programming": 0.4864864864864865,
  "computer_architecture": 0.47619047619047616,
  "computer_network": 0.15789473684210525,
  "discrete_mathematics": 0.25,
  "education_science": 0.6551724137931034,
  "electrical_engineer": 0.35135135135135137,
  "environmental_impact_assessment_engineer": 0.5161290322580645,
  "fire_engineer": 0.45161290322580644,
  "high_school_biology": 0.631578947368421,
  "high_school_chemistry": 0.47368421052631576,
  "high_school_chinese": 0.5263157894736842,
  "high_school_geography": 0.5789473684210527,
  "high_school_history": 0.75,
  "high_school_mathematics": 0.5555555555555556,
  "high_school_physics": 0.5263157894736842,
  "high_school_politics": 0.7894736842105263,
  "ideological_and_moral_cultivation": 0.7894736842105263,
  "law": 0.3333333333333333,
  "legal_professional": 0.5652173913043478,
  "logic": 0.5909090909090909,
  "mao_zedong_thought": 0.875,
  "marxism": 0.8421052631578947,
  "metrology_engineer": 0.5416666666666666,
  "middle_school_biology": 0.9047619047619048,
  "middle_school_chemistry": 1.0,
  "middle_school_geography": 0.8333333333333334,
  "middle_school_history": 0.8636363636363636,
  "middle_school_mathematics": 0.3684210526315789,
  "middle_school_physics": 0.7368421052631579,
  "middle_school_politics": 0.7142857142857143,
  "modern_chinese_history": 0.6956521739130435,
  "operating_system": 0.5263157894736842,
  "physician": 0.5510204081632653,
  "plant_protection": 0.5909090909090909,
  "probability_and_statistics": 0.3333333333333333,
  "professional_tour_guide": 0.6896551724137931,
  "sports_science": 0.5263157894736842,
  "tax_accountant": 0.4489795918367347,
  "teacher_qualification": 0.8181818181818182,
  "urban_and_rural_planner": 0.5434782608695652,
  "veterinary_medicine": 0.4782608695652174
}