{
  "accountant": 0.46938775510204084,
  "advanced_mathematics": 0.42105263157894735,
  "art_studies": 0.5757575757575758,
  "basic_medicine": 0.631578947368421,
  "business_administration": 0.45454545454545453,
  "chinese_language_and_literature": 0.43478260869565216,
  "civil_servant": 0.574468085106383,
  "clinical_medicine": 0.3181818181818182,
  "college_chemistry": 0.25,
  "college_economics": 0.5454545454545454,
  "college_physics": 0.2631578947368421,
  "college_programming": 0.4864864864864865,
  "computer_architecture": 0.5238095238095238,
  "computer_network": 0.5789473684210527,
  "discrete_mathematics": 0.1875,
  "education_science": 0.6206896551724138,
  "electrical_engineer": 0.3783783783783784,
  "environmental_impact_assessment_engineer": 0.45161290322580644,
  "fire_engineer": 0.2903225806451613,
  "high_school_biology": 0.3684210526315789,
  "high_school_chemistry": 0.5263157894736842,
  "high_school_chinese": 0.3157894736842105,
  "high_school_geography": 0.5789473684210527,
  "high_school_history": 0.65,
  "high_school_mathematics": 0.3888888888888889,
  "high_school_physics": 0.47368421052631576,
  "high_school_politics": 0.8421052631578947,
  "ideological_and_moral_cultivation": 0.7894736842105263,
  "law": 0.2916666666666667,
  "legal_professional": 0.43478260869565216,
  "logic": 0.5,
  "mao_zedong_thought": 0.75,
  "marxism": 0.631578947368421,
  "metrology_engineer": 0.7083333333333334,
  "middle_school_biology": 0.6190476190476191,
  "middle_school_chemistry": 0.6,
  "middle_school_geography": 0.4166666666666667,
  "middle_school_history": 0.7272727272727273,
  "middle_school_mathematics": 0.2631578947368421,
  "middle_school_physics": 0.6842105263157895,
  "middle_school_politics": 0.7619047619047619,
  "modern_chinese_history": 0.7391304347826086,
  "operating_system": 0.5263157894736842,
  "physician": 0.4897959183673469,
  "plant_protection": 0.5909090909090909,
  "probability_and_statistics": 0.3888888888888889,
  "professional_tour_guide": 0.7241379310344828,
  "sports_science": 0.631578947368421,
  "tax_accountant": 0.46938775510204084,
  "teacher_qualification": 0.75,
  "urban_and_rural_planner": 0.45652173913043476,
  "veterinary_medicine": 0.43478260869565216
}