{
  "accountant": 0.5102040816326531,
  "advanced_mathematics": 0.47368421052631576,
  "art_studies": 0.6060606060606061,
  "basic_medicine": 0.7894736842105263,
  "business_administration": 0.48484848484848486,
  "chinese_language_and_literature": 0.391304347826087,
  "civil_servant": 0.5319148936170213,
  "clinical_medicine": 0.36363636363636365,
  "college_chemistry": 0.16666666666666666,
  "college_economics": 0.4727272727272727,
  "college_physics": 0.3684210526315789,
  "college_programming": 0.5405405405405406,
  "computer_architecture": 0.42857142857142855,
  "computer_network": 0.5789473684210527,
  "discrete_mathematics": 0.25,
  "education_science": 0.6206896551724138,
  "electrical_engineer": 0.32432432432432434,
  "environmental_impact_assessment_engineer": 0.41935483870967744,
  "fire_engineer": 0.3548387096774194,
  "high_school_biology": 0.42105263157894735,
  "high_school_chemistry": 0.5263157894736842,
  "high_school_chinese": 0.2631578947368421,
  "high_school_geography": 0.47368421052631576,
  "high_school_history": 0.7,
  "high_school_mathematics": 0.2222222222222222,
  "high_school_physics": 0.5789473684210527,
  "high_school_politics": 0.7894736842105263,
  "ideological_and_moral_cultivation": 0.7368421052631579,
  "law": 0.2916666666666667,
  "legal_professional": 0.4782608695652174,
  "logic": 0.4090909090909091,
  "mao_zedong_thought": 0.7916666666666666,
  "marxism": 0.6842105263157895,
  "metrology_engineer": 0.6666666666666666,
  "middle_school_biology": 0.6190476190476191,
  "middle_school_chemistry": 0.75,
  "middle_school_geography": 0.5,
  "middle_school_history": 0.8181818181818182,
  "middle_school_mathematics": 0.15789473684210525,
  "middle_school_physics": 0.6842105263157895,
  "middle_school_politics": 0.8095238095238095,
  "modern_chinese_history": 0.6956521739130435,
  "operating_system": 0.5789473684210527,
  "physician": 0.5306122448979592,
  "plant_protection": 0.5909090909090909,
  "probability_and_statistics": 0.3888888888888889,
  "professional_tour_guide": 0.6206896551724138,
  "sports_science": 0.5789473684210527,
  "tax_accountant": 0.40816326530612246,
  "teacher_qualification": 0.7954545454545454,
  "urban_and_rural_planner": 0.5217391304347826,
  "veterinary_medicine": 0.34782608695652173
}