{
  "accountant": 0.42857142857142855,
  "advanced_mathematics": 0.05263157894736842,
  "art_studies": 0.5757575757575758,
  "basic_medicine": 0.5263157894736842,
  "business_administration": 0.3939393939393939,
  "chinese_language_and_literature": 0.6956521739130435,
  "civil_servant": 0.46808510638297873,
  "clinical_medicine": 0.4090909090909091,
  "college_chemistry": 0.2916666666666667,
  "college_economics": 0.43636363636363634,
  "college_physics": 0.21052631578947367,
  "college_programming": 0.32432432432432434,
  "computer_architecture": 0.42857142857142855,
  "computer_network": 0.3157894736842105,
  "discrete_mathematics": 0.0625,
  "education_science": 0.6551724137931034,
  "electrical_engineer": 0.16216216216216217,
  "environmental_impact_assessment_engineer": 0.3225806451612903,
  "fire_engineer": 0.3548387096774194,
  "high_school_biology": 0.3684210526315789,
  "high_school_chemistry": 0.3157894736842105,
  "high_school_chinese": 0.2631578947368421,
  "high_school_geography": 0.3684210526315789,
  "high_school_history": 0.65,
  "high_school_mathematics": 0.1111111111111111,
  "high_school_physics": 0.5263157894736842,
  "high_school_politics": 0.5789473684210527,
  "ideological_and_moral_cultivation": 0.8421052631578947,
  "law": 0.3333333333333333,
  "legal_professional": 0.30434782608695654,
  "logic": 0.36363636363636365,
  "mao_zedong_thought": 0.625,
  "marxism": 0.631578947368421,
  "metrology_engineer": 0.7083333333333334,
  "middle_school_biology": 0.8095238095238095,
  "middle_school_chemistry": 0.5,
  "middle_school_geography": 0.6666666666666666,
  "middle_school_history": 0.7727272727272727,
  "middle_school_mathematics": 0.10526315789473684,
  "middle_school_physics": 0.5789473684210527,
  "middle_school_politics": 0.8095238095238095,
  "modern_chinese_history": 0.6956521739130435,
  "operating_system": 0.42105263157894735,
  "physician": 0.5306122448979592,
  "plant_protection": 0.7272727272727273,
  "probability_and_statistics": 0.1111111111111111,
  "professional_tour_guide": 0.5517241379310345,
  "sports_science": 0.5789473684210527,
  "tax_accountant": 0.4489795918367347,
  "teacher_qualification": 0.7727272727272727,
  "urban_and_rural_planner": 0.5217391304347826,
  "veterinary_medicine": 0.391304347826087
}