{
  "accountant": 0.2857142857142857,
  "advanced_mathematics": 0.10526315789473684,
  "art_studies": 0.42424242424242425,
  "basic_medicine": 0.42105263157894735,
  "business_administration": 0.48484848484848486,
  "chinese_language_and_literature": 0.17391304347826086,
  "civil_servant": 0.3617021276595745,
  "clinical_medicine": 0.2727272727272727,
  "college_chemistry": 0.20833333333333334,
  "college_economics": 0.3090909090909091,
  "college_physics": 0.3157894736842105,
  "college_programming": 0.2972972972972973,
  "computer_architecture": 0.3333333333333333,
  "computer_network": 0.15789473684210525,
  "discrete_mathematics": 0.0625,
  "education_science": 0.4482758620689655,
  "electrical_engineer": 0.16216216216216217,
  "environmental_impact_assessment_engineer": 0.3225806451612903,
  "fire_engineer": 0.22580645161290322,
  "high_school_biology": 0.15789473684210525,
  "high_school_chemistry": 0.10526315789473684,
  "high_school_chinese": 0.15789473684210525,
  "high_school_geography": 0.15789473684210525,
  "high_school_history": 0.45,
  "high_school_mathematics": 0.2777777777777778,
  "high_school_physics": 0.15789473684210525,
  "high_school_politics": 0.15789473684210525,
  "ideological_and_moral_cultivation": 0.5263157894736842,
  "law": 0.25,
  "legal_professional": 0.391304347826087,
  "logic": 0.2727272727272727,
  "mao_zedong_thought": 0.625,
  "marxism": 0.47368421052631576,
  "metrology_engineer": 0.375,
  "middle_school_biology": 0.42857142857142855,
  "middle_school_chemistry": 0.3,
  "middle_school_geography": 0.4166666666666667,
  "middle_school_history": 0.45454545454545453,
  "middle_school_mathematics": 0.0,
  "middle_school_physics": 0.21052631578947367,
  "middle_school_politics": 0.47619047619047616,
  "modern_chinese_history": 0.391304347826087,
  "operating_system": 0.5263157894736842,
  "physician": 0.2653061224489796,
  "plant_protection": 0.2727272727272727,
  "probability_and_statistics": 0.2222222222222222,
  "professional_tour_guide": 0.41379310344827586,
  "sports_science": 0.2631578947368421,
  "tax_accountant": 0.30612244897959184,
  "teacher_qualification": 0.5909090909090909,
  "urban_and_rural_planner": 0.5,
  "veterinary_medicine": 0.43478260869565216
}