{
  "accountant": 0.5102040816326531,
  "advanced_mathematics": 0.3684210526315789,
  "art_studies": 0.6060606060606061,
  "basic_medicine": 0.47368421052631576,
  "business_administration": 0.3939393939393939,
  "chinese_language_and_literature": 0.4782608695652174,
  "civil_servant": 0.5319148936170213,
  "clinical_medicine": 0.4090909090909091,
  "college_chemistry": 0.5,
  "college_economics": 0.2727272727272727,
  "college_physics": 0.3157894736842105,
  "college_programming": 0.5405405405405406,
  "computer_architecture": 0.38095238095238093,
  "computer_network": 0.3684210526315789,
  "discrete_mathematics": 0.125,
  "education_science": 0.7586206896551724,
  "electrical_engineer": 0.35135135135135137,
  "environmental_impact_assessment_engineer": 0.41935483870967744,
  "fire_engineer": 0.5483870967741935,
  "high_school_biology": 0.631578947368421,
  "high_school_chemistry": 0.47368421052631576,
  "high_school_chinese": 0.15789473684210525,
  "high_school_geography": 0.47368421052631576,
  "high_school_history": 0.7,
  "high_school_mathematics": 0.2777777777777778,
  "high_school_physics": 0.5789473684210527,
  "high_school_politics": 0.8421052631578947,
  "ideological_and_moral_cultivation": 0.7368421052631579,
  "law": 0.20833333333333334,
  "legal_professional": 0.4782608695652174,
  "logic": 0.5909090909090909,
  "mao_zedong_thought": 0.7916666666666666,
  "marxism": 0.631578947368421,
  "metrology_engineer": 0.5416666666666666,
  "middle_school_biology": 0.7619047619047619,
  "middle_school_chemistry": 0.7,
  "middle_school_geography": 0.5833333333333334,
  "middle_school_history": 0.7272727272727273,
  "middle_school_mathematics": 0.3684210526315789,
  "middle_school_physics": 0.7368421052631579,
  "middle_school_politics": 0.8571428571428571,
  "modern_chinese_history": 0.7391304347826086,
  "operating_system": 0.3684210526315789,
  "physician": 0.5714285714285714,
  "plant_protection": 0.5454545454545454,
  "probability_and_statistics": 0.2222222222222222,
  "professional_tour_guide": 0.6206896551724138,
  "sports_science": 0.3684210526315789,
  "tax_accountant": 0.4897959183673469,
  "teacher_qualification": 0.8636363636363636,
  "urban_and_rural_planner": 0.6304347826086957,
  "veterinary_medicine": 0.4782608695652174
}