{
  "accountant": 0.5510204081632653,
  "advanced_mathematics": 0.3684210526315789,
  "art_studies": 0.5757575757575758,
  "basic_medicine": 0.47368421052631576,
  "business_administration": 0.3939393939393939,
  "chinese_language_and_literature": 0.5652173913043478,
  "civil_servant": 0.5531914893617021,
  "clinical_medicine": 0.36363636363636365,
  "college_chemistry": 0.4583333333333333,
  "college_economics": 0.3090909090909091,
  "college_physics": 0.3684210526315789,
  "college_programming": 0.5675675675675675,
  "computer_architecture": 0.38095238095238093,
  "computer_network": 0.42105263157894735,
  "discrete_mathematics": 0.1875,
  "education_science": 0.7241379310344828,
  "electrical_engineer": 0.4864864864864865,
  "environmental_impact_assessment_engineer": 0.45161290322580644,
  "fire_engineer": 0.6451612903225806,
  "high_school_biology": 0.5263157894736842,
  "high_school_chemistry": 0.47368421052631576,
  "high_school_chinese": 0.2631578947368421,
  "high_school_geography": 0.5263157894736842,
  "high_school_history": 0.7,
  "high_school_mathematics": 0.2777777777777778,
  "high_school_physics": 0.5789473684210527,
  "high_school_politics": 0.8421052631578947,
  "ideological_and_moral_cultivation": 0.7894736842105263,
  "law": 0.25,
  "legal_professional": 0.5652173913043478,
  "logic": 0.5454545454545454,
  "mao_zedong_thought": 0.75,
  "marxism": 0.6842105263157895,
  "metrology_engineer": 0.625,
  "middle_school_biology": 0.8095238095238095,
  "middle_school_chemistry": 0.75,
  "middle_school_geography": 0.6666666666666666,
  "middle_school_history": 0.8181818181818182,
  "middle_school_mathematics": 0.3684210526315789,
  "middle_school_physics": 0.6842105263157895,
  "middle_school_politics": 0.8571428571428571,
  "modern_chinese_history": 0.7391304347826086,
  "operating_system": 0.3684210526315789,
  "physician": 0.5714285714285714,
  "plant_protection": 0.5909090909090909,
  "probability_and_statistics": 0.2222222222222222,
  "professional_tour_guide": 0.6206896551724138,
  "sports_science": 0.42105263157894735,
  "tax_accountant": 0.4897959183673469,
  "teacher_qualification": 0.8863636363636364,
  "urban_and_rural_planner": 0.6521739130434783,
  "veterinary_medicine": 0.43478260869565216
}