{
  "accountant": 0.4897959183673469,
  "advanced_mathematics": 0.42105263157894735,
  "art_studies": 0.7272727272727273,
  "basic_medicine": 0.5789473684210527,
  "business_administration": 0.6363636363636364,
  "chinese_language_and_literature": 0.5652173913043478,
  "civil_servant": 0.5106382978723404,
  "clinical_medicine": 0.5909090909090909,
  "college_chemistry": 0.4166666666666667,
  "college_economics": 0.5454545454545454,
  "college_physics": 0.3157894736842105,
  "college_programming": 0.6486486486486487,
  "computer_architecture": 0.47619047619047616,
  "computer_network": 0.47368421052631576,
  "discrete_mathematics": 0.1875,
  "education_science": 0.7241379310344828,
  "electrical_engineer": 0.3783783783783784,
  "environmental_impact_assessment_engineer": 0.6451612903225806,
  "fire_engineer": 0.5806451612903226,
  "high_school_biology": 0.47368421052631576,
  "high_school_chemistry": 0.42105263157894735,
  "high_school_chinese": 0.5789473684210527,
  "high_school_geography": 0.5263157894736842,
  "high_school_history": 0.65,
  "high_school_mathematics": 0.2777777777777778,
  "high_school_physics": 0.3157894736842105,
  "high_school_politics": 0.7368421052631579,
  "ideological_and_moral_cultivation": 0.9473684210526315,
  "law": 0.4166666666666667,
  "legal_professional": 0.5652173913043478,
  "logic": 0.5454545454545454,
  "mao_zedong_thought": 0.7083333333333334,
  "marxism": 0.5789473684210527,
  "metrology_engineer": 0.7083333333333334,
  "middle_school_biology": 0.7619047619047619,
  "middle_school_chemistry": 0.7,
  "middle_school_geography": 0.4166666666666667,
  "middle_school_history": 0.7727272727272727,
  "middle_school_mathematics": 0.3157894736842105,
  "middle_school_physics": 0.5789473684210527,
  "middle_school_politics": 0.9047619047619048,
  "modern_chinese_history": 0.6086956521739131,
  "operating_system": 0.5789473684210527,
  "physician": 0.5918367346938775,
  "plant_protection": 0.7727272727272727,
  "probability_and_statistics": 0.16666666666666666,
  "professional_tour_guide": 0.6551724137931034,
  "sports_science": 0.47368421052631576,
  "tax_accountant": 0.4489795918367347,
  "teacher_qualification": 0.7954545454545454,
  "urban_and_rural_planner": 0.5869565217391305,
  "veterinary_medicine": 0.5217391304347826
}