{
  "accountant": 0.4897959183673469,
  "advanced_mathematics": 0.5789473684210527,
  "art_studies": 0.5757575757575758,
  "basic_medicine": 0.631578947368421,
  "business_administration": 0.3939393939393939,
  "chinese_language_and_literature": 0.4782608695652174,
  "civil_servant": 0.44680851063829785,
  "clinical_medicine": 0.2727272727272727,
  "college_chemistry": 0.4583333333333333,
  "college_economics": 0.4727272727272727,
  "college_physics": 0.3157894736842105,
  "college_programming": 0.5675675675675675,
  "computer_architecture": 0.5714285714285714,
  "computer_network": 0.47368421052631576,
  "discrete_mathematics": 0.3125,
  "education_science": 0.6551724137931034,
  "electrical_engineer": 0.24324324324324326,
  "environmental_impact_assessment_engineer": 0.5483870967741935,
  "fire_engineer": 0.5483870967741935,
  "high_school_biology": 0.3684210526315789,
  "high_school_chemistry": 0.47368421052631576,
  "high_school_chinese": 0.15789473684210525,
  "high_school_geography": 0.631578947368421,
  "high_school_history": 0.55,
  "high_school_mathematics": 0.2222222222222222,
  "high_school_physics": 0.47368421052631576,
  "high_school_politics": 0.7894736842105263,
  "ideological_and_moral_cultivation": 0.5263157894736842,
  "law": 0.4166666666666667,
  "legal_professional": 0.2608695652173913,
  "logic": 0.6363636363636364,
  "mao_zedong_thought": 0.625,
  "marxism": 0.7368421052631579,
  "metrology_engineer": 0.625,
  "middle_school_biology": 0.6666666666666666,
  "middle_school_chemistry": 0.65,
  "middle_school_geography": 0.4166666666666667,
  "middle_school_history": 0.6818181818181818,
  "middle_school_mathematics": 0.3684210526315789,
  "middle_school_physics": 0.47368421052631576,
  "middle_school_politics": 0.7142857142857143,
  "modern_chinese_history": 0.34782608695652173,
  "operating_system": 0.5263157894736842,
  "physician": 0.4489795918367347,
  "plant_protection": 0.5454545454545454,
  "probability_and_statistics": 0.5,
  "professional_tour_guide": 0.7586206896551724,
  "sports_science": 0.631578947368421,
  "tax_accountant": 0.3877551020408163,
  "teacher_qualification": 0.7272727272727273,
  "urban_and_rural_planner": 0.5652173913043478,
  "veterinary_medicine": 0.5217391304347826
}