{
  "accountant": 0.6530612244897959,
  "advanced_mathematics": 0.42105263157894735,
  "art_studies": 0.6666666666666666,
  "basic_medicine": 0.7368421052631579,
  "business_administration": 0.6060606060606061,
  "chinese_language_and_literature": 0.4782608695652174,
  "civil_servant": 0.6382978723404256,
  "clinical_medicine": 0.5454545454545454,
  "college_chemistry": 0.5,
  "college_economics": 0.4909090909090909,
  "college_physics": 0.42105263157894735,
  "college_programming": 0.5945945945945946,
  "computer_architecture": 0.5714285714285714,
  "computer_network": 0.5263157894736842,
  "discrete_mathematics": 0.4375,
  "education_science": 0.8275862068965517,
  "electrical_engineer": 0.5405405405405406,
  "environmental_impact_assessment_engineer": 0.6774193548387096,
  "fire_engineer": 0.41935483870967744,
  "high_school_biology": 0.7368421052631579,
  "high_school_chemistry": 0.6842105263157895,
  "high_school_chinese": 0.47368421052631576,
  "high_school_geography": 0.9473684210526315,
  "high_school_history": 0.9,
  "high_school_mathematics": 0.5,
  "high_school_physics": 0.631578947368421,
  "high_school_politics": 0.631578947368421,
  "ideological_and_moral_cultivation": 0.9473684210526315,
  "law": 0.5,
  "legal_professional": 0.5652173913043478,
  "logic": 0.5909090909090909,
  "mao_zedong_thought": 0.9166666666666666,
  "marxism": 0.7894736842105263,
  "metrology_engineer": 0.875,
  "middle_school_biology": 0.9047619047619048,
  "middle_school_chemistry": 0.8,
  "middle_school_geography": 0.75,
  "middle_school_history": 0.9545454545454546,
  "middle_school_mathematics": 0.5789473684210527,
  "middle_school_physics": 0.7894736842105263,
  "middle_school_politics": 0.8571428571428571,
  "modern_chinese_history": 0.7391304347826086,
  "operating_system": 0.5263157894736842,
  "physician": 0.6530612244897959,
  "plant_protection": 0.6818181818181818,
  "probability_and_statistics": 0.4444444444444444,
  "professional_tour_guide": 0.7931034482758621,
  "sports_science": 0.6842105263157895,
  "tax_accountant": 0.5510204081632653,
  "teacher_qualification": 0.8409090909090909,
  "urban_and_rural_planner": 0.7391304347826086,
  "veterinary_medicine": 0.6956521739130435
}