{
  "accountant": 0.6326530612244898,
  "advanced_mathematics": 0.5789473684210527,
  "art_studies": 0.6666666666666666,
  "basic_medicine": 0.7894736842105263,
  "business_administration": 0.7272727272727273,
  "chinese_language_and_literature": 0.391304347826087,
  "civil_servant": 0.6808510638297872,
  "clinical_medicine": 0.5454545454545454,
  "college_chemistry": 0.5,
  "college_economics": 0.5636363636363636,
  "college_physics": 0.3684210526315789,
  "college_programming": 0.5945945945945946,
  "computer_architecture": 0.5238095238095238,
  "computer_network": 0.5789473684210527,
  "discrete_mathematics": 0.4375,
  "education_science": 0.8275862068965517,
  "electrical_engineer": 0.5135135135135135,
  "environmental_impact_assessment_engineer": 0.6451612903225806,
  "fire_engineer": 0.45161290322580644,
  "high_school_biology": 0.6842105263157895,
  "high_school_chemistry": 0.5789473684210527,
  "high_school_chinese": 0.47368421052631576,
  "high_school_geography": 0.9473684210526315,
  "high_school_history": 0.85,
  "high_school_mathematics": 0.3333333333333333,
  "high_school_physics": 0.6842105263157895,
  "high_school_politics": 0.631578947368421,
  "ideological_and_moral_cultivation": 0.9473684210526315,
  "law": 0.5,
  "legal_professional": 0.5217391304347826,
  "logic": 0.6363636363636364,
  "mao_zedong_thought": 0.875,
  "marxism": 0.8421052631578947,
  "metrology_engineer": 0.875,
  "middle_school_biology": 0.9523809523809523,
  "middle_school_chemistry": 0.8,
  "middle_school_geography": 0.8333333333333334,
  "middle_school_history": 0.8181818181818182,
  "middle_school_mathematics": 0.6842105263157895,
  "middle_school_physics": 0.8421052631578947,
  "middle_school_politics": 0.9047619047619048,
  "modern_chinese_history": 0.7391304347826086,
  "operating_system": 0.47368421052631576,
  "physician": 0.6122448979591837,
  "plant_protection": 0.5909090909090909,
  "probability_and_statistics": 0.4444444444444444,
  "professional_tour_guide": 0.7586206896551724,
  "sports_science": 0.7368421052631579,
  "tax_accountant": 0.5714285714285714,
  "teacher_qualification": 0.7954545454545454,
  "urban_and_rural_planner": 0.7608695652173914,
  "veterinary_medicine": 0.5652173913043478
}