{
  "accountant": 0.5306122448979592,
  "advanced_mathematics": 0.3684210526315789,
  "art_studies": 0.5757575757575758,
  "basic_medicine": 0.42105263157894735,
  "business_administration": 0.5454545454545454,
  "chinese_language_and_literature": 0.30434782608695654,
  "civil_servant": 0.46808510638297873,
  "clinical_medicine": 0.5454545454545454,
  "college_chemistry": 0.3333333333333333,
  "college_economics": 0.6,
  "college_physics": 0.42105263157894735,
  "college_programming": 0.35135135135135137,
  "computer_architecture": 0.47619047619047616,
  "computer_network": 0.21052631578947367,
  "discrete_mathematics": 0.3125,
  "education_science": 0.5172413793103449,
  "electrical_engineer": 0.32432432432432434,
  "environmental_impact_assessment_engineer": 0.45161290322580644,
  "fire_engineer": 0.45161290322580644,
  "high_school_biology": 0.47368421052631576,
  "high_school_chemistry": 0.5263157894736842,
  "high_school_chinese": 0.47368421052631576,
  "high_school_geography": 0.42105263157894735,
  "high_school_history": 0.75,
  "high_school_mathematics": 0.3333333333333333,
  "high_school_physics": 0.6842105263157895,
  "high_school_politics": 0.631578947368421,
  "ideological_and_moral_cultivation": 0.8947368421052632,
  "law": 0.375,
  "legal_professional": 0.5217391304347826,
  "logic": 0.5909090909090909,
  "mao_zedong_thought": 0.7916666666666666,
  "marxism": 0.7368421052631579,
  "metrology_engineer": 0.6666666666666666,
  "middle_school_biology": 0.7619047619047619,
  "middle_school_chemistry": 0.85,
  "middle_school_geography": 0.75,
  "middle_school_history": 0.6818181818181818,
  "middle_school_mathematics": 0.5263157894736842,
  "middle_school_physics": 0.5789473684210527,
  "middle_school_politics": 0.7619047619047619,
  "modern_chinese_history": 0.6956521739130435,
  "operating_system": 0.47368421052631576,
  "physician": 0.5714285714285714,
  "plant_protection": 0.4090909090909091,
  "probability_and_statistics": 0.2777777777777778,
  "professional_tour_guide": 0.5862068965517241,
  "sports_science": 0.42105263157894735,
  "tax_accountant": 0.4489795918367347,
  "teacher_qualification": 0.75,
  "urban_and_rural_planner": 0.6956521739130435,
  "veterinary_medicine": 0.4782608695652174
}