{
  "accountant": 0.4897959183673469,
  "advanced_mathematics": 0.2631578947368421,
  "art_studies": 0.6060606060606061,
  "basic_medicine": 0.5789473684210527,
  "business_administration": 0.48484848484848486,
  "chinese_language_and_literature": 0.7391304347826086,
  "civil_servant": 0.574468085106383,
  "clinical_medicine": 0.45454545454545453,
  "college_chemistry": 0.4583333333333333,
  "college_economics": 0.4909090909090909,
  "college_physics": 0.21052631578947367,
  "college_programming": 0.40540540540540543,
  "computer_architecture": 0.5714285714285714,
  "computer_network": 0.5263157894736842,
  "discrete_mathematics": 0.3125,
  "education_science": 0.7586206896551724,
  "electrical_engineer": 0.3783783783783784,
  "environmental_impact_assessment_engineer": 0.6129032258064516,
  "fire_engineer": 0.45161290322580644,
  "high_school_biology": 0.42105263157894735,
  "high_school_chemistry": 0.47368421052631576,
  "high_school_chinese": 0.47368421052631576,
  "high_school_geography": 0.631578947368421,
  "high_school_history": 0.7,
  "high_school_mathematics": 0.16666666666666666,
  "high_school_physics": 0.42105263157894735,
  "high_school_politics": 0.7368421052631579,
  "ideological_and_moral_cultivation": 1.0,
  "law": 0.375,
  "legal_professional": 0.43478260869565216,
  "logic": 0.5,
  "mao_zedong_thought": 0.75,
  "marxism": 0.7368421052631579,
  "metrology_engineer": 0.75,
  "middle_school_biology": 0.9047619047619048,
  "middle_school_chemistry": 0.9,
  "middle_school_geography": 0.75,
  "middle_school_history": 0.8636363636363636,
  "middle_school_mathematics": 0.2631578947368421,
  "middle_school_physics": 0.7894736842105263,
  "middle_school_politics": 0.8095238095238095,
  "modern_chinese_history": 0.7391304347826086,
  "operating_system": 0.631578947368421,
  "physician": 0.6530612244897959,
  "plant_protection": 0.7727272727272727,
  "probability_and_statistics": 0.2777777777777778,
  "professional_tour_guide": 0.7241379310344828,
  "sports_science": 0.7368421052631579,
  "tax_accountant": 0.46938775510204084,
  "teacher_qualification": 0.7954545454545454,
  "urban_and_rural_planner": 0.4782608695652174,
  "veterinary_medicine": 0.5217391304347826
}