{
  "accountant": 0.3673469387755102,
  "advanced_mathematics": 0.21052631578947367,
  "art_studies": 0.6060606060606061,
  "basic_medicine": 0.2631578947368421,
  "business_administration": 0.3939393939393939,
  "chinese_language_and_literature": 0.391304347826087,
  "civil_servant": 0.40425531914893614,
  "clinical_medicine": 0.36363636363636365,
  "college_chemistry": 0.16666666666666666,
  "college_economics": 0.32727272727272727,
  "college_physics": 0.10526315789473684,
  "college_programming": 0.2972972972972973,
  "computer_architecture": 0.6190476190476191,
  "computer_network": 0.3157894736842105,
  "discrete_mathematics": 0.0,
  "education_science": 0.4827586206896552,
  "electrical_engineer": 0.2972972972972973,
  "environmental_impact_assessment_engineer": 0.4838709677419355,
  "fire_engineer": 0.25806451612903225,
  "high_school_biology": 0.3157894736842105,
  "high_school_chemistry": 0.05263157894736842,
  "high_school_chinese": 0.15789473684210525,
  "high_school_geography": 0.42105263157894735,
  "high_school_history": 0.6,
  "high_school_mathematics": 0.2222222222222222,
  "high_school_physics": 0.2631578947368421,
  "high_school_politics": 0.631578947368421,
  "ideological_and_moral_cultivation": 0.7894736842105263,
  "law": 0.2916666666666667,
  "legal_professional": 0.2608695652173913,
  "logic": 0.18181818181818182,
  "mao_zedong_thought": 0.5833333333333334,
  "marxism": 0.6842105263157895,
  "metrology_engineer": 0.5416666666666666,
  "middle_school_biology": 0.47619047619047616,
  "middle_school_chemistry": 0.3,
  "middle_school_geography": 0.6666666666666666,
  "middle_school_history": 0.5909090909090909,
  "middle_school_mathematics": 0.21052631578947367,
  "middle_school_physics": 0.5789473684210527,
  "middle_school_politics": 0.6190476190476191,
  "modern_chinese_history": 0.6086956521739131,
  "operating_system": 0.3684210526315789,
  "physician": 0.3469387755102041,
  "plant_protection": 0.4090909090909091,
  "probability_and_statistics": 0.0,
  "professional_tour_guide": 0.6896551724137931,
  "sports_science": 0.47368421052631576,
  "tax_accountant": 0.3469387755102041,
  "teacher_qualification": 0.5909090909090909,
  "urban_and_rural_planner": 0.5,
  "veterinary_medicine": 0.21739130434782608
}