{
  "accountant": 0.8367346938775511,
  "advanced_mathematics": 0.2631578947368421,
  "art_studies": 0.7575757575757576,
  "basic_medicine": 0.8947368421052632,
  "business_administration": 0.8484848484848485,
  "chinese_language_and_literature": 0.6956521739130435,
  "civil_servant": 0.6595744680851063,
  "clinical_medicine": 0.7727272727272727,
  "college_chemistry": 0.6666666666666666,
  "college_economics": 0.6181818181818182,
  "college_physics": 0.631578947368421,
  "college_programming": 0.7837837837837838,
  "computer_architecture": 0.7619047619047619,
  "computer_network": 0.7894736842105263,
  "discrete_mathematics": 0.3125,
  "education_science": 0.896551724137931,
  "electrical_engineer": 0.6216216216216216,
  "environmental_impact_assessment_engineer": 0.7741935483870968,
  "fire_engineer": 0.6451612903225806,
  "high_school_biology": 0.7894736842105263,
  "high_school_chemistry": 0.6842105263157895,
  "high_school_chinese": 0.7368421052631579,
  "high_school_geography": 0.8947368421052632,
  "high_school_history": 1.0,
  "high_school_mathematics": 0.3333333333333333,
  "high_school_physics": 0.7894736842105263,
  "high_school_politics": 0.8947368421052632,
  "ideological_and_moral_cultivation": 1.0,
  "law": 0.75,
  "legal_professional": 0.6956521739130435,
  "logic": 0.8636363636363636,
  "mao_zedong_thought": 1.0,
  "marxism": 0.9473684210526315,
  "metrology_engineer": 0.8333333333333334,
  "middle_school_biology": 0.9523809523809523,
  "middle_school_chemistry": 1.0,
  "middle_school_geography": 0.9166666666666666,
  "middle_school_history": 1.0,
  "middle_school_mathematics": 0.47368421052631576,
  "middle_school_physics": 0.8947368421052632,
  "middle_school_politics": 1.0,
  "modern_chinese_history": 0.8695652173913043,
  "operating_system": 0.7894736842105263,
  "physician": 0.8775510204081632,
  "plant_protection": 0.8181818181818182,
  "probability_and_statistics": 0.3888888888888889,
  "professional_tour_guide": 0.9655172413793104,
  "sports_science": 0.9473684210526315,
  "tax_accountant": 0.7959183673469388,
  "teacher_qualification": 0.9090909090909091,
  "urban_and_rural_planner": 0.7608695652173914,
  "veterinary_medicine": 0.8695652173913043
}