{
  "accountant": 0.6122448979591837,
  "advanced_mathematics": 0.2631578947368421,
  "art_studies": 0.696969696969697,
  "basic_medicine": 0.5789473684210527,
  "business_administration": 0.5151515151515151,
  "chinese_language_and_literature": 0.34782608695652173,
  "civil_servant": 0.574468085106383,
  "clinical_medicine": 0.6818181818181818,
  "college_chemistry": 0.20833333333333334,
  "college_economics": 0.38181818181818183,
  "college_physics": 0.3157894736842105,
  "college_programming": 0.5675675675675675,
  "computer_architecture": 0.5238095238095238,
  "computer_network": 0.5789473684210527,
  "discrete_mathematics": 0.25,
  "education_science": 0.3448275862068966,
  "electrical_engineer": 0.21621621621621623,
  "environmental_impact_assessment_engineer": 0.3548387096774194,
  "fire_engineer": 0.41935483870967744,
  "high_school_biology": 0.3157894736842105,
  "high_school_chemistry": 0.21052631578947367,
  "high_school_chinese": 0.5789473684210527,
  "high_school_geography": 0.21052631578947367,
  "high_school_history": 0.75,
  "high_school_mathematics": 0.16666666666666666,
  "high_school_physics": 0.47368421052631576,
  "high_school_politics": 0.7368421052631579,
  "ideological_and_moral_cultivation": 0.3684210526315789,
  "law": 0.4166666666666667,
  "legal_professional": 0.4782608695652174,
  "logic": 0.4090909090909091,
  "mao_zedong_thought": 0.875,
  "marxism": 0.9473684210526315,
  "metrology_engineer": 0.20833333333333334,
  "middle_school_biology": 0.7619047619047619,
  "middle_school_chemistry": 0.8,
  "middle_school_geography": 0.8333333333333334,
  "middle_school_history": 0.7272727272727273,
  "middle_school_mathematics": 0.2631578947368421,
  "middle_school_physics": 0.8947368421052632,
  "middle_school_politics": 0.7142857142857143,
  "modern_chinese_history": 0.6086956521739131,
  "operating_system": 0.3684210526315789,
  "physician": 0.4897959183673469,
  "plant_protection": 0.45454545454545453,
  "probability_and_statistics": 0.2222222222222222,
  "professional_tour_guide": 0.7586206896551724,
  "sports_science": 0.7368421052631579,
  "tax_accountant": 0.32653061224489793,
  "teacher_qualification": 0.75,
  "urban_and_rural_planner": 0.391304347826087,
  "veterinary_medicine": 0.6521739130434783
}