{
  "accountant": 0.24489795918367346,
  "advanced_mathematics": 0.15789473684210525,
  "art_studies": 0.48484848484848486,
  "basic_medicine": 0.3684210526315789,
  "business_administration": 0.3333333333333333,
  "chinese_language_and_literature": 0.4782608695652174,
  "civil_servant": 0.3617021276595745,
  "clinical_medicine": 0.2727272727272727,
  "college_chemistry": 0.125,
  "college_economics": 0.34545454545454546,
  "college_physics": 0.3684210526315789,
  "college_programming": 0.4864864864864865,
  "computer_architecture": 0.3333333333333333,
  "computer_network": 0.21052631578947367,
  "discrete_mathematics": 0.0625,
  "education_science": 0.4482758620689655,
  "electrical_engineer": 0.13513513513513514,
  "environmental_impact_assessment_engineer": 0.41935483870967744,
  "fire_engineer": 0.3548387096774194,
  "high_school_biology": 0.15789473684210525,
  "high_school_chemistry": 0.05263157894736842,
  "high_school_chinese": 0.21052631578947367,
  "high_school_geography": 0.3684210526315789,
  "high_school_history": 0.65,
  "high_school_mathematics": 0.16666666666666666,
  "high_school_physics": 0.15789473684210525,
  "high_school_politics": 0.631578947368421,
  "ideological_and_moral_cultivation": 0.6842105263157895,
  "law": 0.125,
  "legal_professional": 0.30434782608695654,
  "logic": 0.4090909090909091,
  "mao_zedong_thought": 0.4583333333333333,
  "marxism": 0.631578947368421,
  "metrology_engineer": 0.4583333333333333,
  "middle_school_biology": 0.7142857142857143,
  "middle_school_chemistry": 0.55,
  "middle_school_geography": 0.4166666666666667,
  "middle_school_history": 0.45454545454545453,
  "middle_school_mathematics": 0.42105263157894735,
  "middle_school_physics": 0.631578947368421,
  "middle_school_politics": 0.5238095238095238,
  "modern_chinese_history": 0.4782608695652174,
  "operating_system": 0.631578947368421,
  "physician": 0.3469387755102041,
  "plant_protection": 0.5,
  "probability_and_statistics": 0.16666666666666666,
  "professional_tour_guide": 0.4482758620689655,
  "sports_science": 0.631578947368421,
  "tax_accountant": 0.40816326530612246,
  "teacher_qualification": 0.6363636363636364,
  "urban_and_rural_planner": 0.5652173913043478,
  "veterinary_medicine": 0.34782608695652173
}