{
  "accountant": 0.7142857142857143,
  "advanced_mathematics": 0.3684210526315789,
  "art_studies": 0.696969696969697,
  "basic_medicine": 0.7368421052631579,
  "business_administration": 0.6666666666666666,
  "chinese_language_and_literature": 0.6521739130434783,
  "civil_servant": 0.5957446808510638,
  "clinical_medicine": 0.5909090909090909,
  "college_chemistry": 0.625,
  "college_economics": 0.45454545454545453,
  "college_physics": 0.3684210526315789,
  "college_programming": 0.6486486486486487,
  "computer_architecture": 0.6666666666666666,
  "computer_network": 0.631578947368421,
  "discrete_mathematics": 0.4375,
  "education_science": 0.8620689655172413,
  "electrical_engineer": 0.3783783783783784,
  "environmental_impact_assessment_engineer": 0.6129032258064516,
  "fire_engineer": 0.5806451612903226,
  "high_school_biology": 0.8947368421052632,
  "high_school_chemistry": 0.8421052631578947,
  "high_school_chinese": 0.6842105263157895,
  "high_school_geography": 0.8947368421052632,
  "high_school_history": 0.85,
  "high_school_mathematics": 0.5555555555555556,
  "high_school_physics": 0.8421052631578947,
  "high_school_politics": 1.0,
  "ideological_and_moral_cultivation": 1.0,
  "law": 0.5833333333333334,
  "legal_professional": 0.5652173913043478,
  "logic": 0.6818181818181818,
  "mao_zedong_thought": 0.875,
  "marxism": 0.8947368421052632,
  "metrology_engineer": 0.8333333333333334,
  "middle_school_biology": 0.9523809523809523,
  "middle_school_chemistry": 1.0,
  "middle_school_geography": 0.9166666666666666,
  "middle_school_history": 1.0,
  "middle_school_mathematics": 0.8421052631578947,
  "middle_school_physics": 0.9473684210526315,
  "middle_school_politics": 1.0,
  "modern_chinese_history": 0.9130434782608695,
  "operating_system": 0.5789473684210527,
  "physician": 0.6122448979591837,
  "plant_protection": 0.8636363636363636,
  "probability_and_statistics": 0.5,
  "professional_tour_guide": 0.8275862068965517,
  "sports_science": 0.6842105263157895,
  "tax_accountant": 0.5306122448979592,
  "teacher_qualification": 0.9090909090909091,
  "urban_and_rural_planner": 0.6304347826086957,
  "veterinary_medicine": 0.5652173913043478
}