{
  "accountant": 0.46938775510204084,
  "advanced_mathematics": 0.10526315789473684,
  "art_studies": 0.7272727272727273,
  "basic_medicine": 0.5789473684210527,
  "business_administration": 0.5757575757575758,
  "chinese_language_and_literature": 0.6521739130434783,
  "civil_servant": 0.5531914893617021,
  "clinical_medicine": 0.3181818181818182,
  "college_chemistry": 0.2916666666666667,
  "college_economics": 0.5272727272727272,
  "college_physics": 0.42105263157894735,
  "college_programming": 0.4864864864864865,
  "computer_architecture": 0.47619047619047616,
  "computer_network": 0.3684210526315789,
  "discrete_mathematics": 0.0625,
  "education_science": 0.6896551724137931,
  "electrical_engineer": 0.35135135135135137,
  "environmental_impact_assessment_engineer": 0.6451612903225806,
  "fire_engineer": 0.16129032258064516,
  "high_school_biology": 0.5789473684210527,
  "high_school_chemistry": 0.2631578947368421,
  "high_school_chinese": 0.631578947368421,
  "high_school_geography": 0.7894736842105263,
  "high_school_history": 0.7,
  "high_school_mathematics": 0.3888888888888889,
  "high_school_physics": 0.6842105263157895,
  "high_school_politics": 0.9473684210526315,
  "ideological_and_moral_cultivation": 0.8947368421052632,
  "law": 0.2916666666666667,
  "legal_professional": 0.2608695652173913,
  "logic": 0.3181818181818182,
  "mao_zedong_thought": 0.8333333333333334,
  "marxism": 0.8947368421052632,
  "metrology_engineer": 0.5416666666666666,
  "middle_school_biology": 0.7142857142857143,
  "middle_school_chemistry": 0.4,
  "middle_school_geography": 0.75,
  "middle_school_history": 0.7727272727272727,
  "middle_school_mathematics": 0.5263157894736842,
  "middle_school_physics": 0.7894736842105263,
  "middle_school_politics": 0.8571428571428571,
  "modern_chinese_history": 0.782608695652174,
  "operating_system": 0.47368421052631576,
  "physician": 0.46938775510204084,
  "plant_protection": 0.7272727272727273,
  "probability_and_statistics": 0.2222222222222222,
  "professional_tour_guide": 0.7931034482758621,
  "sports_science": 0.5263157894736842,
  "tax_accountant": 0.3673469387755102,
  "teacher_qualification": 0.7954545454545454,
  "urban_and_rural_planner": 0.5869565217391305,
  "veterinary_medicine": 0.34782608695652173
}