{
  "accountant": 0.2653061224489796,
  "advanced_mathematics": 0.2631578947368421,
  "art_studies": 0.2727272727272727,
  "basic_medicine": 0.42105263157894735,
  "business_administration": 0.30303030303030304,
  "chinese_language_and_literature": 0.43478260869565216,
  "civil_servant": 0.3404255319148936,
  "clinical_medicine": 0.2727272727272727,
  "college_chemistry": 0.2916666666666667,
  "college_economics": 0.38181818181818183,
  "college_physics": 0.3157894736842105,
  "college_programming": 0.35135135135135137,
  "computer_architecture": 0.38095238095238093,
  "computer_network": 0.21052631578947367,
  "discrete_mathematics": 0.3125,
  "education_science": 0.5172413793103449,
  "electrical_engineer": 0.32432432432432434,
  "environmental_impact_assessment_engineer": 0.25806451612903225,
  "fire_engineer": 0.5806451612903226,
  "high_school_biology": 0.2631578947368421,
  "high_school_chemistry": 0.3684210526315789,
  "high_school_chinese": 0.47368421052631576,
  "high_school_geography": 0.10526315789473684,
  "high_school_history": 0.45,
  "high_school_mathematics": 0.1111111111111111,
  "high_school_physics": 0.3157894736842105,
  "high_school_politics": 0.42105263157894735,
  "ideological_and_moral_cultivation": 0.3684210526315789,
  "law": 0.16666666666666666,
  "legal_professional": 0.17391304347826086,
  "logic": 0.22727272727272727,
  "mao_zedong_thought": 0.375,
  "marxism": 0.3684210526315789,
  "metrology_engineer": 0.20833333333333334,
  "middle_school_biology": 0.38095238095238093,
  "middle_school_chemistry": 0.4,
  "middle_school_geography": 0.4166666666666667,
  "middle_school_history": 0.18181818181818182,
  "middle_school_mathematics": 0.21052631578947367,
  "middle_school_physics": 0.3684210526315789,
  "middle_school_politics": 0.38095238095238093,
  "modern_chinese_history": 0.4782608695652174,
  "operating_system": 0.3157894736842105,
  "physician": 0.24489795918367346,
  "plant_protection": 0.36363636363636365,
  "probability_and_statistics": 0.3333333333333333,
  "professional_tour_guide": 0.3448275862068966,
  "sports_science": 0.47368421052631576,
  "tax_accountant": 0.20408163265306123,
  "teacher_qualification": 0.3409090909090909,
  "urban_and_rural_planner": 0.32608695652173914,
  "veterinary_medicine": 0.21739130434782608
}