{
  "accountant": 0.9387755102040817,
  "advanced_mathematics": 0.47368421052631576,
  "art_studies": 0.8484848484848485,
  "basic_medicine": 0.8947368421052632,
  "business_administration": 0.7878787878787878,
  "chinese_language_and_literature": 0.6956521739130435,
  "civil_servant": 0.7659574468085106,
  "clinical_medicine": 0.8636363636363636,
  "college_chemistry": 0.7083333333333334,
  "college_economics": 0.7636363636363637,
  "college_physics": 0.7368421052631579,
  "college_programming": 0.7837837837837838,
  "computer_architecture": 0.9523809523809523,
  "computer_network": 0.8421052631578947,
  "discrete_mathematics": 0.25,
  "education_science": 0.896551724137931,
  "electrical_engineer": 0.5945945945945946,
  "environmental_impact_assessment_engineer": 0.7419354838709677,
  "fire_engineer": 0.7419354838709677,
  "high_school_biology": 1.0,
  "high_school_chemistry": 0.8947368421052632,
  "high_school_chinese": 0.8947368421052632,
  "high_school_geography": 0.9473684210526315,
  "high_school_history": 1.0,
  "high_school_mathematics": 0.7777777777777778,
  "high_school_physics": 0.9473684210526315,
  "high_school_politics": 0.9473684210526315,
  "ideological_and_moral_cultivation": 0.9473684210526315,
  "law": 0.7916666666666666,
  "legal_professional": 0.7391304347826086,
  "logic": 0.7727272727272727,
  "mao_zedong_thought": 1.0,
  "marxism": 0.9473684210526315,
  "metrology_engineer": 0.8333333333333334,
  "middle_school_biology": 0.8571428571428571,
  "middle_school_chemistry": 1.0,
  "middle_school_geography": 0.9166666666666666,
  "middle_school_history": 1.0,
  "middle_school_mathematics": 1.0,
  "middle_school_physics": 0.9473684210526315,
  "middle_school_politics": 1.0,
  "modern_chinese_history": 0.9130434782608695,
  "operating_system": 0.631578947368421,
  "physician": 0.8571428571428571,
  "plant_protection": 0.9090909090909091,
  "probability_and_statistics": 0.3333333333333333,
  "professional_tour_guide": 0.9655172413793104,
  "sports_science": 0.9473684210526315,
  "tax_accountant": 0.8367346938775511,
  "teacher_qualification": 0.8636363636363636,
  "urban_and_rural_planner": 0.6956521739130435,
  "veterinary_medicine": 0.9130434782608695
}