{
  "accountant": 0.3877551020408163,
  "advanced_mathematics": 0.3157894736842105,
  "art_studies": 0.5151515151515151,
  "basic_medicine": 0.47368421052631576,
  "business_administration": 0.42424242424242425,
  "chinese_language_and_literature": 0.5652173913043478,
  "civil_servant": 0.44680851063829785,
  "clinical_medicine": 0.5,
  "college_chemistry": 0.2916666666666667,
  "college_economics": 0.38181818181818183,
  "college_physics": 0.3684210526315789,
  "college_programming": 0.5405405405405406,
  "computer_architecture": 0.47619047619047616,
  "computer_network": 0.47368421052631576,
  "discrete_mathematics": 0.3125,
  "education_science": 0.6551724137931034,
  "electrical_engineer": 0.3783783783783784,
  "environmental_impact_assessment_engineer": 0.5161290322580645,
  "fire_engineer": 0.41935483870967744,
  "high_school_biology": 0.47368421052631576,
  "high_school_chemistry": 0.47368421052631576,
  "high_school_chinese": 0.47368421052631576,
  "high_school_geography": 0.5263157894736842,
  "high_school_history": 0.55,
  "high_school_mathematics": 0.16666666666666666,
  "high_school_physics": 0.3684210526315789,
  "high_school_politics": 0.5789473684210527,
  "ideological_and_moral_cultivation": 0.8421052631578947,
  "law": 0.4166666666666667,
  "legal_professional": 0.4782608695652174,
  "logic": 0.5,
  "mao_zedong_thought": 0.625,
  "marxism": 0.5789473684210527,
  "metrology_engineer": 0.625,
  "middle_school_biology": 0.6666666666666666,
  "middle_school_chemistry": 0.6,
  "middle_school_geography": 0.3333333333333333,
  "middle_school_history": 0.7272727272727273,
  "middle_school_mathematics": 0.3684210526315789,
  "middle_school_physics": 0.42105263157894735,
  "middle_school_politics": 0.6190476190476191,
  "modern_chinese_history": 0.5652173913043478,
  "operating_system": 0.42105263157894735,
  "physician": 0.5306122448979592,
  "plant_protection": 0.6363636363636364,
  "probability_and_statistics": 0.16666666666666666,
  "professional_tour_guide": 0.6551724137931034,
  "sports_science": 0.5263157894736842,
  "tax_accountant": 0.42857142857142855,
  "teacher_qualification": 0.7727272727272727,
  "urban_and_rural_planner": 0.6086956521739131,
  "veterinary_medicine": 0.34782608695652173
}