{
  "accountant": 0.42857142857142855,
  "advanced_mathematics": 0.42105263157894735,
  "art_studies": 0.6666666666666666,
  "basic_medicine": 0.631578947368421,
  "business_administration": 0.5454545454545454,
  "chinese_language_and_literature": 0.4782608695652174,
  "civil_servant": 0.5106382978723404,
  "clinical_medicine": 0.5454545454545454,
  "college_chemistry": 0.5,
  "college_economics": 0.41818181818181815,
  "college_physics": 0.3157894736842105,
  "college_programming": 0.40540540540540543,
  "computer_architecture": 0.38095238095238093,
  "computer_network": 0.5263157894736842,
  "discrete_mathematics": 0.3125,
  "education_science": 0.6896551724137931,
  "electrical_engineer": 0.32432432432432434,
  "environmental_impact_assessment_engineer": 0.5483870967741935,
  "fire_engineer": 0.3548387096774194,
  "high_school_biology": 0.47368421052631576,
  "high_school_chemistry": 0.42105263157894735,
  "high_school_chinese": 0.3684210526315789,
  "high_school_geography": 0.6842105263157895,
  "high_school_history": 0.65,
  "high_school_mathematics": 0.16666666666666666,
  "high_school_physics": 0.631578947368421,
  "high_school_politics": 0.7368421052631579,
  "ideological_and_moral_cultivation": 1.0,
  "law": 0.4166666666666667,
  "legal_professional": 0.391304347826087,
  "logic": 0.45454545454545453,
  "mao_zedong_thought": 0.75,
  "marxism": 0.7894736842105263,
  "metrology_engineer": 0.75,
  "middle_school_biology": 0.8095238095238095,
  "middle_school_chemistry": 0.85,
  "middle_school_geography": 0.6666666666666666,
  "middle_school_history": 0.6818181818181818,
  "middle_school_mathematics": 0.47368421052631576,
  "middle_school_physics": 0.7894736842105263,
  "middle_school_politics": 0.8571428571428571,
  "modern_chinese_history": 0.6086956521739131,
  "operating_system": 0.5263157894736842,
  "physician": 0.4489795918367347,
  "plant_protection": 0.45454545454545453,
  "probability_and_statistics": 0.2777777777777778,
  "professional_tour_guide": 0.6551724137931034,
  "sports_science": 0.6842105263157895,
  "tax_accountant": 0.4897959183673469,
  "teacher_qualification": 0.7272727272727273,
  "urban_and_rural_planner": 0.43478260869565216,
  "veterinary_medicine": 0.21739130434782608
}