{
  "accountant": 0.3469387755102041,
  "advanced_mathematics": 0.42105263157894735,
  "art_studies": 0.45454545454545453,
  "basic_medicine": 0.5263157894736842,
  "business_administration": 0.24242424242424243,
  "chinese_language_and_literature": 0.4782608695652174,
  "civil_servant": 0.14893617021276595,
  "clinical_medicine": 0.2727272727272727,
  "college_chemistry": 0.20833333333333334,
  "college_economics": 0.23636363636363636,
  "college_physics": 0.21052631578947367,
  "college_programming": 0.2972972972972973,
  "computer_architecture": 0.47619047619047616,
  "computer_network": 0.3157894736842105,
  "discrete_mathematics": 0.125,
  "education_science": 0.3448275862068966,
  "electrical_engineer": 0.2972972972972973,
  "environmental_impact_assessment_engineer": 0.5161290322580645,
  "fire_engineer": 0.22580645161290322,
  "high_school_biology": 0.42105263157894735,
  "high_school_chemistry": 0.3157894736842105,
  "high_school_chinese": 0.42105263157894735,
  "high_school_geography": 0.47368421052631576,
  "high_school_history": 0.3,
  "high_school_mathematics": 0.2222222222222222,
  "high_school_physics": 0.2631578947368421,
  "high_school_politics": 0.10526315789473684,
  "ideological_and_moral_cultivation": 0.2631578947368421,
  "law": 0.25,
  "legal_professional": 0.34782608695652173,
  "logic": 0.3181818181818182,
  "mao_zedong_thought": 0.375,
  "marxism": 0.3684210526315789,
  "metrology_engineer": 0.2916666666666667,
  "middle_school_biology": 0.5714285714285714,
  "middle_school_chemistry": 0.3,
  "middle_school_geography": 0.4166666666666667,
  "middle_school_history": 0.5454545454545454,
  "middle_school_mathematics": 0.3157894736842105,
  "middle_school_physics": 0.2631578947368421,
  "middle_school_politics": 0.38095238095238093,
  "modern_chinese_history": 0.5217391304347826,
  "operating_system": 0.2631578947368421,
  "physician": 0.2857142857142857,
  "plant_protection": 0.18181818181818182,
  "probability_and_statistics": 0.16666666666666666,
  "professional_tour_guide": 0.4827586206896552,
  "sports_science": 0.5789473684210527,
  "tax_accountant": 0.22448979591836735,
  "teacher_qualification": 0.45454545454545453,
  "urban_and_rural_planner": 0.34782608695652173,
  "veterinary_medicine": 0.391304347826087
}