{
  "accountant": 0.40816326530612246,
  "advanced_mathematics": 0.0,
  "art_studies": 0.48484848484848486,
  "basic_medicine": 0.15789473684210525,
  "business_administration": 0.36363636363636365,
  "chinese_language_and_literature": 0.34782608695652173,
  "civil_servant": 0.3617021276595745,
  "clinical_medicine": 0.22727272727272727,
  "college_chemistry": 0.2916666666666667,
  "college_economics": 0.36363636363636365,
  "college_physics": 0.21052631578947367,
  "college_programming": 0.43243243243243246,
  "computer_architecture": 0.3333333333333333,
  "computer_network": 0.2631578947368421,
  "discrete_mathematics": 0.1875,
  "education_science": 0.6206896551724138,
  "electrical_engineer": 0.16216216216216217,
  "environmental_impact_assessment_engineer": 0.4838709677419355,
  "fire_engineer": 0.45161290322580644,
  "high_school_biology": 0.631578947368421,
  "high_school_chemistry": 0.3684210526315789,
  "high_school_chinese": 0.42105263157894735,
  "high_school_geography": 0.47368421052631576,
  "high_school_history": 0.7,
  "high_school_mathematics": 0.1111111111111111,
  "high_school_physics": 0.47368421052631576,
  "high_school_politics": 0.7894736842105263,
  "ideological_and_moral_cultivation": 0.6842105263157895,
  "law": 0.2916666666666667,
  "legal_professional": 0.391304347826087,
  "logic": 0.22727272727272727,
  "mao_zedong_thought": 0.625,
  "marxism": 0.7368421052631579,
  "metrology_engineer": 0.4583333333333333,
  "middle_school_biology": 0.7619047619047619,
  "middle_school_chemistry": 0.5,
  "middle_school_geography": 0.5833333333333334,
  "middle_school_history": 0.6818181818181818,
  "middle_school_mathematics": 0.21052631578947367,
  "middle_school_physics": 0.5789473684210527,
  "middle_school_politics": 0.7619047619047619,
  "modern_chinese_history": 0.5652173913043478,
  "operating_system": 0.3684210526315789,
  "physician": 0.40816326530612246,
  "plant_protection": 0.45454545454545453,
  "probability_and_statistics": 0.1111111111111111,
  "professional_tour_guide": 0.4827586206896552,
  "sports_science": 0.5789473684210527,
  "tax_accountant": 0.2857142857142857,
  "teacher_qualification": 0.75,
  "urban_and_rural_planner": 0.5217391304347826,
  "veterinary_medicine": 0.391304347826087
}